<?xml version="1.0" encoding="UTF-8" ?>
<widget xmlns="http://www.w3.org/ns/widgets" xmlns:gap="http://phonegap.com/ns/1.0" xmlns:cdv="http://cordova.apache.org/ns/1.0" xmlns:android="http://schemas.android.com/apk/res/android" android-versionCode="7003" version="0.0.6" id="com.finvivir.controlFlotillas"  >
<!-- This file was generated by the Intel XDK Cordova Package Build tool. -->
<name>ControlFlotillas</name>
<description>App para administrar las flotillas de finvivir</description>
<author>Avansys</author>
<content src="index.html"/>
<preference name="android-build-tool" value="gradle" />
<allow-intent href="http://*/*"/>
<allow-intent href="https://*/*"/>
<allow-intent href="tel:*"/>
<allow-intent href="sms:*"/>
<allow-intent href="mailto:*"/>
<allow-intent href="geo:*"/>
<allow-intent href="market:*"/>
<access origin="*"/>
<preference name="phonegap-version" value="cli-6.2.0" />
<preference name="xwalkMultipleApk" value="false" />
<plugin name="cordova-plugin-statusbar" spec="2.1.3"/>
<plugin name="cordova-plugin-device" spec="1.1.2"/>
<plugin name="cordova-plugin-splashscreen" spec="3.2.2"/>
<plugin name="cordova-plugin-compat" spec="1.0.0"/>
<plugin name="cordova-plugin-file" spec="4.2.0"/>
<plugin name="cordova-plugin-file-transfer" spec="1.5.1"/>
<plugin name="cordova-plugin-whitelist" spec="1.2.2"/>
<platform  name="ios">
    <!-- below requires the splash screen plugin -->
    <!-- docs: https://github.com/apache/cordova-plugin-splashscreen -->
    <preference name="AutoHideSplashScreen" value="true"/>
    <preference name="FadeSplashScreen" value="false"/>
    <preference name="FadeSplashScreenDuration" value="2"/>
    <preference name="ShowSplashScreenSpinner" value="false"/>

    <!-- below requires the status bar plugin -->
    <!-- docs: https://github.com/apache/cordova-plugin-statusbar -->
    <!-- see http://devgirl.org/2014/07/31/phonegap-developers-guid -->
    <preference name="StatusBarOverlaysWebView" value="false"/>
    <preference name="StatusBarBackgroundColor" value="#000000"/>
    <preference name="StatusBarStyle" value="lightcontent"/>
</platform>
<platform  name="android">
    <!-- below requires the splash screen plugin -->
    <!-- docs: https://github.com/apache/cordova-plugin-splashscreen -->
    <preference name="SplashMaintainAspectRatio" value="false"/>
</platform>
<preference name="xwalkCommandLine" value="--disable-pull-to-refresh-effect --ignore-gpu-blacklist "/>
<platform name="android" >
<preference name="android-minSdkVersion" value="14"/>
<preference name="android-targetSdkVersion" value="26"/>
<preference name="android-installLocation" value="auto"/>
<preference name="android-signed" value="true"/>
<preference name="AndroidLaunchMode" value="singleTop"/>
<preference name="Fullscreen" value="false"/>
</platform>
<splash platform="android" src="package-assets/splash320x426.png" density="ldpi" width="320" height="426" orientation="portrait"/>
<splash platform="android" src="package-assets/splash320x470.png" density="mdpi" width="320" height="470" orientation="portrait"/>
<splash platform="android" src="package-assets/splash480x640.png" density="hdpi" width="480" height="640" orientation="portrait"/>
<splash platform="android" src="package-assets/splash720x960.png" density="xhdpi" width="720" height="960" orientation="portrait"/>
<icon platform="android" src="package-assets/icon_36x36.png" density="ldpi" width="36" height="36"/>
<icon platform="android" src="package-assets/icon_48x48.png" density="mdpi" width="48" height="48"/>
<icon platform="android" src="package-assets/icon_72x72.png" density="hdpi" width="72" height="72"/>
<icon platform="android" src="package-assets/icon_96x96.png" density="xhdpi" width="96" height="96"/>
<config-file platform="android" parent="/manifest/application" mode="merge"> 
    <activity android:launchMode="singleTop" />
</config-file>
</widget>
